{
  "IcoMoonType": "selection",
  "icons": [
    {
      "icon": {
        "paths": [
          "M843.648 960h-663.296l-186.352-576h1035.984l-186.336 576zM203.648 928h616.72l165.648-512h-948.016l165.648 512z",
          "M337.136 74.080l29.728 11.888-128.032 319.968-29.728-11.888zM686.864 74.080l128 320-29.728 11.904-128-320.016z"
        ],
        "attrs": [
          {},
          {}
        ],
        "isMulticolor": false,
        "isMulticolor2": false,
        "grid": 0,
        "tags": [
          "basket"
        ]
      },
      "attrs": [
        {},
        {}
      ],
      "properties": {
        "order": 211,
        "id": 0,
        "name": "basket",
        "prevSize": 32
      },
      "setIdx": 0,
      "setId": 9,
      "iconIdx": 0
    }
  ],
  "height": 1024,
  "preferences": {
    "showGlyphs": true,
    "showQuickUse": true,
    "showQuickUse2": true,
    "showSVGs": true,
    "fontPref": {
      "prefix": "icon-",
      "metadata": {
        "fontFamily": "icomoon"
      },
      "metrics": {
        "emSize": 1024,
        "baseline": 6.25,
        "whitespace": 50
      },
      "embed": false
    },
    "imagePref": {
      "prefix": "icon-",
      "png": false,
      "useClassSelector": false,
      "color": 0,
      "bgColor": 16777215,
      "classSelector": ".icon",
      "name": "icomoon",
      "height": 48,
      "columns": 16,
      "margin": 16,
      "autoHost": false,
      "overrideSize": false
    },
    "historySize": 50,
    "showCodes": true,
    "gridSize": 16,
    "quickUsageToken": {
      "UntitledProject": "YmI3MTMzZDgxNmQwOWYzNDBkZGVmY2I4ZjU5N2Y3MzgjMSMxNjcyNzMzOTYwIyMjYTVjZmJlNGM0ZDJm"
    }
  }
}