{
  "IcoMoonType": "selection",
  "icons": [
    {
      "icon": {
        "paths": [
          "M881.371 1014.857h-872.229v-768h872.229v768zM64 960h762.514v-658.286h-762.514v658.286z",
          "M694.857 469.943h-54.857v-263.314c0-78.629-64-142.629-142.629-142.629h-102.4c-78.629 0-142.629 64-142.629 142.629v263.314h-54.857v-263.314c0-109.714 87.771-197.486 197.486-197.486h102.4c109.714 0 197.486 87.771 197.486 197.486v263.314z"
        ],
        "attrs": [
          {},
          {}
        ],
        "width": 896,
        "isMulticolor": false,
        "isMulticolor2": false,
        "grid": 0,
        "tags": [
          "basket"
        ]
      },
      "attrs": [
        {},
        {}
      ],
      "properties": {
        "order": 2,
        "id": 0,
        "name": "basket",
        "prevSize": 32
      },
      "setIdx": 0,
      "setId": 10,
      "iconIdx": 0
    }
  ],
  "height": 1024,
  "preferences": {
    "showGlyphs": true,
    "showQuickUse": true,
    "showQuickUse2": true,
    "showSVGs": true,
    "fontPref": {
      "prefix": "icon-",
      "metadata": {
        "fontFamily": "icomoon"
      },
      "metrics": {
        "emSize": 1024,
        "baseline": 6.25,
        "whitespace": 50
      },
      "embed": false
    },
    "imagePref": {
      "prefix": "icon-",
      "png": false,
      "useClassSelector": false,
      "color": 0,
      "bgColor": 16777215,
      "classSelector": ".icon",
      "name": "icomoon",
      "height": 48,
      "columns": 16,
      "margin": 16,
      "autoHost": false,
      "overrideSize": false
    },
    "historySize": 50,
    "showCodes": true,
    "gridSize": 16,
    "quickUsageToken": {
      "UntitledProject": "YmI3MTMzZDgxNmQwOWYzNDBkZGVmY2I4ZjU5N2Y3MzgjMSMxNjcyNzMzOTYwIyMjYTVjZmJlNGM0ZDJm"
    }
  }
}