{
  "IcoMoonType": "selection",
  "icons": [
    {
      "icon": {
        "paths": [
          "M602.27 556.111c7.131 7.148 16.991 11.571 27.884 11.571s20.754-4.422 27.884-11.57l0.001-0.001 250.644-250.565c7.119-7.129 11.522-16.973 11.522-27.845 0-21.764-17.643-39.407-39.407-39.407-10.892 0-20.751 4.419-27.884 11.561l-0 0-222.759 222.759-222.759-222.759c-7.133-7.143-16.993-11.562-27.884-11.562-21.764 0-39.407 17.643-39.407 39.407 0 10.872 4.403 20.716 11.523 27.845l-0-0 250.644 250.565zM590.769 472.615v55.69h78.769v-55.69h-78.769z"
        ],
        "attrs": [
          {}
        ],
        "width": 1260,
        "isMulticolor": false,
        "isMulticolor2": false,
        "grid": 0,
        "tags": [
          "arrow"
        ]
      },
      "attrs": [
        {}
      ],
      "properties": {
        "order": 150,
        "id": 3,
        "name": "arrow",
        "prevSize": 32
      },
      "setIdx": 0,
      "setId": 5,
      "iconIdx": 0
    },
    {
      "icon": {
        "paths": [
          "M682.581 811.52c0.097-66.176 53.717-119.796 119.884-119.893l0.009-0c66.186 0.073 119.821 53.707 119.893 119.887l0 0.007c-0.097 66.176-53.717 119.796-119.884 119.893l-0.009 0c-66.186-0.073-119.821-53.707-119.893-119.887l-0-0.007zM747.733 811.52c0.117 30.168 24.6 54.578 54.784 54.578 15.066 0 28.712-6.082 38.617-15.925l-0.003 0.003c9.878-9.908 15.985-23.579 15.985-38.677s-6.107-28.77-15.987-38.679l0.001 0.001c-9.905-9.901-23.587-16.024-38.699-16.024-30.226 0-54.731 24.498-54.741 54.722l-0 0.001zM317.568 811.52c0.073-66.186 53.707-119.821 119.887-119.893l0.007-0c66.186 0.073 119.821 53.707 119.893 119.887l0 0.007c-0.073 66.186-53.707 119.821-119.887 119.893l-0.007 0c-66.186-0.073-119.821-53.707-119.893-119.887l-0-0.007zM382.72 811.52c0.093 30.186 24.585 54.62 54.784 54.62 15.088 0 28.751-6.099 38.658-15.966l-0.002 0.002c9.963-9.922 16.128-23.651 16.128-38.82 0-30.256-24.528-54.784-54.784-54.784s-54.784 24.528-54.784 54.784c0 0.043 0 0.085 0 0.128l-0-0.007zM337.792 675.84c-14.378-0.020-26.576-9.334-30.909-22.255l-0.067-0.23-163.84-502.869h-110.293c-0.364 0.015-0.792 0.023-1.221 0.023-18.003 0-32.597-14.594-32.597-32.597s14.594-32.597 32.597-32.597c0.399 0 0.797 0.007 1.193 0.021l-0.057-0.002h133.973c0.018-0 0.039-0 0.060-0 14.38 0 26.583 9.324 30.892 22.256l0.066 0.23 34.005 104.405h759.808c0.013-0 0.028-0 0.044-0 17.979 0 32.555 14.575 32.555 32.555 0 1.762-0.14 3.492-0.409 5.178l0.024-0.186c0.236 1.474 0.371 3.172 0.371 4.903 0 3.037-0.416 5.977-1.194 8.766l0.055-0.229-105.131 388.565c-3.866 13.974-16.469 24.064-31.428 24.064-0.006 0-0.012-0-0.018-0l-548.479 0zM361.429 610.645h499.925l90.24-333.312h-698.752l108.587 333.312z"
        ],
        "attrs": [
          {}
        ],
        "isMulticolor": false,
        "isMulticolor2": false,
        "grid": 0,
        "tags": [
          "basket"
        ]
      },
      "attrs": [
        {}
      ],
      "properties": {
        "order": 151,
        "id": 2,
        "name": "basket",
        "prevSize": 32
      },
      "setIdx": 0,
      "setId": 5,
      "iconIdx": 1
    },
    {
      "icon": {
        "paths": [
          "M282.667 460.587c62.86 121.57 159.546 218.186 277.59 279.274l3.583 1.686 93.867-94.080c11.733-11.733 28.587-15.147 43.307-10.453 47.787 15.787 99.2 24.32 152.32 24.32 23.68 0 42.667 18.987 42.667 42.667v149.333c0 23.68-18.987 42.667-42.667 42.667-400.64 0-725.333-324.693-725.333-725.333 0-23.564 19.103-42.667 42.667-42.667v0h149.333c23.68 0 42.667 18.987 42.667 42.667 0 53.12 8.533 104.533 24.32 152.32 4.693 14.72 1.28 31.573-10.453 43.307l-93.867 94.293z"
        ],
        "attrs": [
          {}
        ],
        "isMulticolor": false,
        "isMulticolor2": false,
        "grid": 0,
        "tags": [
          "phone_icon"
        ]
      },
      "attrs": [
        {}
      ],
      "properties": {
        "order": 152,
        "id": 1,
        "name": "phone_icon",
        "prevSize": 32
      },
      "setIdx": 0,
      "setId": 5,
      "iconIdx": 2
    },
    {
      "icon": {
        "paths": [
          "M448 768c176.731 0 320-143.269 320-320s-143.269-320-320-320v0c-176.731 0-320 143.269-320 320s143.269 320 320 320v0zM896 896l-221.867-221.867"
        ],
        "attrs": [
          {
            "fill": "none",
            "strokeLinejoin": "round",
            "strokeLinecap": "round",
            "strokeMiterlimit": "4",
            "strokeWidth": 85.33333333333333
          }
        ],
        "isMulticolor": false,
        "isMulticolor2": false,
        "grid": 0,
        "tags": [
          "search_icon"
        ]
      },
      "attrs": [
        {
          "fill": "none",
          "strokeLinejoin": "round",
          "strokeLinecap": "round",
          "strokeMiterlimit": "4",
          "strokeWidth": 85.33333333333333
        }
      ],
      "properties": {
        "order": 153,
        "id": 0,
        "name": "search_icon",
        "prevSize": 32
      },
      "setIdx": 0,
      "setId": 5,
      "iconIdx": 3
    }
  ],
  "height": 1024,
  "preferences": {
    "showGlyphs": true,
    "showQuickUse": true,
    "showQuickUse2": true,
    "showSVGs": true,
    "fontPref": {
      "prefix": "icon-",
      "metadata": {
        "fontFamily": "icomoon"
      },
      "metrics": {
        "emSize": 1024,
        "baseline": 6.25,
        "whitespace": 50
      },
      "embed": false
    },
    "imagePref": {
      "prefix": "icon-",
      "png": false,
      "useClassSelector": false,
      "color": 0,
      "bgColor": 16777215,
      "classSelector": ".icon",
      "name": "icomoon",
      "height": 48,
      "columns": 16,
      "margin": 16,
      "autoHost": false,
      "overrideSize": true
    },
    "historySize": 50,
    "showCodes": true,
    "gridSize": 16,
    "quickUsageToken": {
      "UntitledProject": "YmI3MTMzZDgxNmQwOWYzNDBkZGVmY2I4ZjU5N2Y3MzgjMSMxNjcyNzMzOTYwIyMjYTVjZmJlNGM0ZDJm"
    }
  }
}