{
  "IcoMoonType": "selection",
  "icons": [
    {
      "icon": {
        "paths": [
          "M112.396 0c-22.095 0-42.374 6.638-59.714 17.561l664.973 562.55c30.444 25.779 71.472 25.779 101.85 0l663.801-562.55c-17.34-10.923-37.615-17.561-59.716-17.561h-1311.194zM6.442 75.508c-4.011 11.563-6.442 23.898-6.442 36.871v749.265c0 22.562 6.781 43.298 18.149 60.868l475.917-433.732-487.625-413.272zM1529.557 75.508l-486.451 412.696 474.743 434.342c11.366-17.579 18.15-38.315 18.15-60.877v-749.264c0-12.975-2.432-25.309-6.443-36.871v-0.027zM985.771 537.342l-118.246 100.1c-57.194 48.515-141.249 48.448-198.438 0l-117.661-99.511-472.406 430.824c10.57 3.268 21.69 5.265 33.371 5.265h1311.217c11.665 0 22.801-1.997 33.374-5.265l-471.211-431.413z"
        ],
        "attrs": [
          {
            "fill": "rgb(41, 179, 132)"
          }
        ],
        "width": 1536,
        "isMulticolor": false,
        "isMulticolor2": false,
        "grid": 0,
        "tags": [
          "email"
        ]
      },
      "attrs": [
        {
          "fill": "rgb(41, 179, 132)"
        }
      ],
      "properties": {
        "order": 18,
        "id": 1,
        "name": "email",
        "prevSize": 32
      },
      "setIdx": 0,
      "setId": 6,
      "iconIdx": 0
    },
    {
      "icon": {
        "paths": [
          "M522.34 1020.535c5.13-2.293 9.723-5.626 13.468-9.808 88.252-96.444 341.692-395.048 341.692-600.271 3.186-51.478-3.959-103.080-21.003-151.752-17.050-48.682-43.668-93.461-78.273-131.699-34.611-38.238-76.51-69.183-123.255-90.986-46.751-21.805-97.38-34.046-148.914-36.005-52.656-0.458-104.845 9.78-153.423 30.097-48.579 20.316-92.522 50.273-129.169 88.078-36.658 37.804-65.242 82.648-84.047 131.837-18.805 49.174-27.416 101.672-25.332 154.282 0 211.371 269.857 509.975 362.215 606.43 3.756 4.181 8.348 7.509 13.468 9.802 5.13 2.281 10.684 3.459 16.296 3.459s11.166-1.178 16.285-3.459l-0.006-0.006zM667.13 353.006c0 94.639-76.72 171.357-171.357 171.357-94.639 0-171.357-76.718-171.357-171.357s76.718-171.369 171.357-171.369c94.637 0 171.357 76.729 171.357 171.369z"
        ],
        "attrs": [
          {
            "fill": "rgb(41, 179, 132)"
          }
        ],
        "isMulticolor": false,
        "isMulticolor2": false,
        "grid": 0,
        "tags": [
          "noun-location"
        ]
      },
      "attrs": [
        {
          "fill": "rgb(41, 179, 132)"
        }
      ],
      "properties": {
        "order": 19,
        "id": 0,
        "name": "noun-location",
        "prevSize": 32
      },
      "setIdx": 0,
      "setId": 6,
      "iconIdx": 1
    }
  ],
  "height": 1024,
  "preferences": {
    "showGlyphs": true,
    "showQuickUse": true,
    "showQuickUse2": true,
    "showSVGs": true,
    "fontPref": {
      "prefix": "icon-",
      "metadata": {
        "fontFamily": "icomoon"
      },
      "metrics": {
        "emSize": 1024,
        "baseline": 6.25,
        "whitespace": 50
      },
      "embed": false
    },
    "imagePref": {
      "prefix": "icon-",
      "png": false,
      "useClassSelector": false,
      "color": 0,
      "bgColor": 16777215,
      "classSelector": ".icon",
      "name": "icomoon",
      "height": 48,
      "columns": 16,
      "margin": 16,
      "autoHost": false,
      "overrideSize": false
    },
    "historySize": 50,
    "showCodes": true,
    "gridSize": 16,
    "quickUsageToken": {
      "UntitledProject": "YmI3MTMzZDgxNmQwOWYzNDBkZGVmY2I4ZjU5N2Y3MzgjMSMxNjcyNzMzOTYwIyMjYTVjZmJlNGM0ZDJm"
    }
  }
}